--
-- PostgreSQL database dump
--

-- Dumped from database version 16.3
-- Dumped by pg_dump version 16.3

SET statement_timeout = 0;
SET lock_timeout = 0;
SET idle_in_transaction_session_timeout = 0;
SET client_encoding = 'UTF8';
SET standard_conforming_strings = on;
SELECT pg_catalog.set_config('search_path', '', false);
SET check_function_bodies = false;
SET xmloption = content;
SET client_min_messages = warning;
SET row_security = off;

SET default_tablespace = '';

SET default_table_access_method = heap;

--
-- Name: characters; Type: TABLE; Schema: public; Owner: postgres
--

CREATE TABLE public.characters (
    username character varying(255) NOT NULL,
    password character varying(255) NOT NULL,
    firstname character varying(255) DEFAULT NULL::character varying,
    lastname character varying(255) DEFAULT NULL::character varying
);


ALTER TABLE public.characters OWNER TO postgres;

--
-- Name: involvements; Type: TABLE; Schema: public; Owner: postgres
--

CREATE TABLE public.involvements (
    stuff_id character varying(255) NOT NULL,
    character_username character varying(255) NOT NULL,
    character_password character varying(255) NOT NULL
);


ALTER TABLE public.involvements OWNER TO postgres;

--
-- Name: stuffs; Type: TABLE; Schema: public; Owner: postgres
--

CREATE TABLE public.stuffs (
    title character varying(255) NOT NULL,
    legality boolean NOT NULL
);


ALTER TABLE public.stuffs OWNER TO postgres;

--
-- Data for Name: characters; Type: TABLE DATA; Schema: public; Owner: postgres
--

COPY public.characters (username, password, firstname, lastname) FROM stdin;
u	p	yaroslay	karashenko
us	pa	nikolay	karashova
un	pw	alexey	karamov
ue	pd	yury	karashnikov
\.


--
-- Data for Name: involvements; Type: TABLE DATA; Schema: public; Owner: postgres
--

COPY public.involvements (stuff_id, character_username, character_password) FROM stdin;
corruzione	ue	pd
estrazione materie prime	us	pa
evasione fiscale	u	p
finanza	un	pw
frode	un	pw
industria	u	p
politica	us	pa
riciclaggio denaro	ue	pd
\.


--
-- Data for Name: stuffs; Type: TABLE DATA; Schema: public; Owner: postgres
--

COPY public.stuffs (title, legality) FROM stdin;
estrazione materie prime	t
evasione fiscale	f
frode	f
corruzione	t
riciclaggio denaro	f
politica	t
finanza	t
industria	t
\.


--
-- Name: characters characters_pkey; Type: CONSTRAINT; Schema: public; Owner: postgres
--

ALTER TABLE ONLY public.characters
    ADD CONSTRAINT characters_pkey PRIMARY KEY (username, password);


--
-- Name: involvements involvements_pkey; Type: CONSTRAINT; Schema: public; Owner: postgres
--

ALTER TABLE ONLY public.involvements
    ADD CONSTRAINT involvements_pkey PRIMARY KEY (stuff_id, character_username, character_password);


--
-- Name: stuffs stuffs_pkey; Type: CONSTRAINT; Schema: public; Owner: postgres
--

ALTER TABLE ONLY public.stuffs
    ADD CONSTRAINT stuffs_pkey PRIMARY KEY (title);


--
-- Name: involvements involvements_character_username_character_password_fkey; Type: FK CONSTRAINT; Schema: public; Owner: postgres
--

ALTER TABLE ONLY public.involvements
    ADD CONSTRAINT involvements_character_username_character_password_fkey FOREIGN KEY (character_username, character_password) REFERENCES public.characters(username, password) ON UPDATE CASCADE ON DELETE CASCADE;


--
-- PostgreSQL database dump complete
--

